all_ids,all_labels,all_scores,labels
5way,316,1.0,167
5way,316,1.0,167
5way,316,1.0,167
5way,316,1.0,167
5way,316,1.0,167
jaay,1161,0.0,657
jaay,1161,1.0,657
jaay,1161,1.0,657
jaay,1161,0.0,657
jaay,1161,0.0,657
gBay,1683,0.0,935
gBay,266,1.0,137
gBay,1683,1.0,935
gBay,1683,1.0,935
gBay,1683,0.0,935
gBay,266,1.0,137
gBay,1683,1.0,935
gBay,266,1.0,137
gBay,266,0.0,137
qJay,1271,1.0,730
qJay,1393,1.0,782
qJay,1393,1.0,782
qJay,1271,1.0,730
qJay,1393,1.0,782
qJay,1271,1.0,730
qJay,1393,1.0,782
qJay,1393,1.0,782
qJay,1271,1.0,730
qJay,1271,1.0,730
6Gay,344,1.0,179
6Gay,344,1.0,179
6Gay,344,0.0,179
6Gay,344,1.0,179
6Gay,344,1.0,179
psay,858,0.0,487
psay,858,0.0,487
psay,858,0.0,487
psay,858,0.0,487
psay,858,0.0,487
Cyay,1660,0.0,934
Cyay,1660,0.0,934
Cyay,1660,1.0,934
Cyay,1660,0.0,934
Cyay,830,0.0,473
Cyay,830,0.0,473
Cyay,830,0.0,473
Cyay,1660,0.0,934
Cyay,830,0.0,473
Cyay,830,0.0,473
Llay,511,1.0,281
Llay,511,1.0,281
Llay,511,1.0,281
Llay,511,1.0,281
R9ay,1049,1.0,603
R9ay,1049,1.0,603
R9ay,1049,1.0,603
R9ay,1049,1.0,603
R9ay,1049,1.0,603
3Yay,1506,1.0,862
3Yay,1506,1.0,862
3Yay,1506,1.0,862
3Yay,1506,1.0,862
3Yay,1506,1.0,862
UOay,1412,1.0,800
UOay,1412,0.0,800
UOay,1412,1.0,800
UOay,1412,1.0,800
UOay,1412,1.0,800
Seay,975,1.0,543
Seay,975,1.0,543
Seay,975,0.0,543
Seay,975,1.0,543
Seay,975,1.0,543
3qay,1106,1.0,630
3qay,1106,0.0,630
3qay,1106,1.0,630
3qay,1106,1.0,630
3qay,1106,0.0,630
oPay,18,0.0,6
oPay,18,0.0,6
oPay,18,0.0,6
oPay,18,1.0,6
oPay,18,1.0,6
gaay,232,1.0,117
gaay,232,1.0,117
gaay,232,1.0,117
gaay,232,1.0,117
gaay,232,1.0,117
vxay,398,1.0,210
vxay,398,1.0,210
vxay,398,1.0,210
vxay,398,1.0,210
vxay,398,1.0,210
c7a0,675,0.0,371
c7a0,675,0.0,371
c7a0,675,0.0,371
c7a0,675,0.0,371
yZa0,1683,1.0,935
yZa0,1683,1.0,935
yZa0,1683,1.0,935
yZa0,1683,1.0,935
yZa0,1683,1.0,935
dKa0,869,1.0,482
dKa0,869,1.0,482
dKa0,869,1.0,482
dKa0,869,1.0,482
dKa0,869,1.0,482
jba0,1330,1.0,749
jba0,1330,1.0,749
jba0,1330,1.0,749
jba0,1330,0.0,749
jaa0,1310,0.0,759
jaa0,1310,0.0,759
jaa0,1310,0.0,759
jaa0,1310,0.0,759
jaa0,1310,0.0,759
zea0,1123,0.0,640
zea0,1123,0.0,640
zea0,1123,1.0,640
zea0,1123,1.0,640
zea0,1123,1.0,640
PDa0,349,0.0,177
PDa0,349,0.0,177
PDa0,349,0.0,177
PDa0,349,0.0,177
PDa0,349,0.0,177
iWa0,1212,0.0,699
iWa0,1212,0.0,699
iWa0,1212,1.0,699
iWa0,1212,1.0,699
iWa0,1212,1.0,699
QMa0,226,0.0,114
QMa0,226,0.0,114
QMa0,226,0.0,114
QMa0,226,0.0,114
QMa0,226,0.0,114
Ena0,446,0.0,237
Ena0,446,0.0,237
Ena0,446,1.0,237
Ena0,446,0.0,237
Ena0,446,1.0,237
hEa0,543,0.0,304
hEa0,543,0.0,304
hEa0,543,1.0,304
hEa0,543,0.0,304
hEa0,543,0.0,304
dea0,454,1.0,239
dea0,454,1.0,239
dea0,454,1.0,239
dea0,454,1.0,239
dea0,454,1.0,239
yia0,730,0.0,403
yia0,730,0.0,403
yia0,730,0.0,403
yia0,730,0.0,403
yia0,730,0.0,403
0Xa0,1083,1.0,615
0Xa0,1083,1.0,615
0Xa0,1083,1.0,615
0Xa0,196,0.0,97
0Xa0,196,0.0,97
0Xa0,196,1.0,97
0Xa0,196,1.0,97
0Xa0,196,1.0,97
0Xa0,1083,1.0,615
0Xa0,1083,0.0,615
H0a0,1019,0.0,585
H0a0,1019,1.0,585
H0a0,1019,1.0,585
H0a0,1019,0.0,585
H0a0,1019,1.0,585
Q6a0,99,0.0,47
Q6a0,99,0.0,47
Q6a0,99,0.0,47
Q6a0,99,0.0,47
qia0,1617,1.0,901
qia0,1617,0.0,901
qia0,1617,1.0,901
qia0,1617,1.0,901
qia0,1617,0.0,901
XQel,808,1.0,456
XQel,808,1.0,456
XQel,808,1.0,456
XQel,808,1.0,456
XQel,808,0.0,456
oZel,808,1.0,456
oZel,808,1.0,456
oZel,808,1.0,456
oZel,808,0.0,456
oZel,808,0.0,456
61el,1433,1.0,813
61el,1433,1.0,813
61el,1433,1.0,813
61el,1433,1.0,813
61el,1433,0.0,813
uOel,718,1.0,408
uOel,718,1.0,408
uOel,718,1.0,408
uOel,718,1.0,408
j8el,164,0.0,76
j8el,164,0.0,76
j8el,164,0.0,76
j8el,164,0.0,76
j8el,164,0.0,76
aAel,7,1.0,1
aAel,7,1.0,1
aAel,7,1.0,1
aAel,7,1.0,1
aAel,7,1.0,1
Vtel,65,0.0,30
Vtel,65,0.0,30
Vtel,65,0.0,30
Vtel,65,0.0,30
Vtel,65,0.0,30
iLel,803,0.0,451
iLel,803,1.0,451
iLel,803,1.0,451
iLel,803,1.0,451
Chel,1688,0.0,947
Chel,1688,0.0,947
Chel,1688,1.0,947
Chel,1688,1.0,947
Chel,1688,1.0,947
jFel,1133,0.0,647
jFel,1133,0.0,647
jFel,1133,1.0,647
jFel,1133,1.0,647
jFel,1133,0.0,647
CJet,130,1.0,64
CJet,130,1.0,64
CJet,130,1.0,64
CJet,130,1.0,64
CJet,130,1.0,64
Z8et,907,1.0,512
Z8et,907,1.0,512
Z8et,907,1.0,512
Z8et,907,1.0,512
Z8et,907,1.0,512
KZet,1224,1.0,707
KZet,1224,1.0,707
KZet,1224,1.0,707
KZet,1224,1.0,707
KZet,1224,1.0,707
gzet,1188,1.0,674
gzet,1188,1.0,674
gzet,1188,1.0,674
gzet,1188,0.0,674
gzet,1188,1.0,674
43et,1045,0.0,599
43et,1045,0.0,599
43et,1045,0.0,599
43et,1045,0.0,599
43et,1045,0.0,599
lXet,686,0.0,383
lXet,686,0.0,383
lXet,686,0.0,383
lXet,686,0.0,383
lXet,686,0.0,383
tDet,1060,1.0,602
tDet,1060,0.0,602
tDet,1060,0.0,602
tDet,1060,1.0,602
tDet,1060,1.0,602
MBet,1247,0.0,703
MBet,1247,0.0,703
MBet,1247,0.0,703
MBet,1247,0.0,703
MBet,1247,0.0,703
U1et,1168,0.0,684
U1et,1168,0.0,684
U1et,1168,1.0,684
U1et,1168,1.0,684
U1et,1168,1.0,684
Upet,1019,1.0,585
Upet,1019,1.0,585
Upet,1019,1.0,585
Upet,1019,1.0,585
Upet,1019,1.0,585
Qwet,1096,1.0,624
Qwet,1096,1.0,624
Qwet,1096,0.0,624
Qwet,1096,1.0,624
Qwet,1096,1.0,624
AJhv,83,1.0,39
AJhv,83,1.0,39
AJhv,83,1.0,39
AJhv,83,1.0,39
AJhv,83,1.0,39
4Nhv,740,0.0,416
4Nhv,740,1.0,416
4Nhv,740,1.0,416
4Nhv,740,1.0,416
4Nhv,740,1.0,416
vwhv,1300,1.0,751
vwhv,1300,1.0,751
vwhv,1300,1.0,751
vwhv,1300,0.0,751
vwhv,1300,1.0,751
T7hv,1060,1.0,602
T7hv,1060,1.0,602
T7hv,1060,0.0,602
T7hv,1060,1.0,602
T7hv,1060,1.0,602
1Vhv,576,0.0,314
1Vhv,462,0.0,250
1Vhv,307,1.0,163
1Vhv,462,0.0,250
1Vhv,576,0.0,314
1Vhv,307,1.0,163
1Vhv,307,0.0,163
1Vhv,307,1.0,163
1Vhv,576,0.0,314
1Vhv,462,1.0,250
1Vhv,576,1.0,314
1Vhv,576,0.0,314
1Vhv,462,1.0,250
1Vhv,462,1.0,250
0Xhv,1001,1.0,587
0Xhv,1001,1.0,587
0Xhv,1001,1.0,587
0Xhv,1001,1.0,587
0Xhv,1001,1.0,587
pShv,1266,1.0,734
pShv,1266,0.0,734
pShv,1266,0.0,734
pShv,1266,1.0,734
pShv,1266,0.0,734
KUhv,1095,1.0,623
KUhv,1095,1.0,623
KUhv,1095,1.0,623
KUhv,1095,0.0,623
KUhv,1095,1.0,623
Arhv,1776,0.0,990
Arhv,1776,0.0,990
Arhv,1776,0.0,990
Ilhv,1653,0.0,928
Ilhv,1653,0.0,928
Ilhv,1653,0.0,928
Ilhv,1653,0.0,928
Ilhv,1653,0.0,928
o8hv,1568,0.0,888
o8hv,610,1.0,337
o8hv,1568,0.0,888
o8hv,610,0.0,337
o8hv,1568,0.0,888
o8hv,1568,0.0,888
o8hv,1568,0.0,888
o8hv,610,0.0,337
o8hv,610,0.0,337
xbhv,1771,0.0,987
xbhv,1771,1.0,987
xbhv,1771,0.0,987
xbhv,1771,0.0,987
xbhv,1771,0.0,987
ZRhv,187,1.0,91
ZRhv,187,1.0,91
ZRhv,187,1.0,91
ZRhv,187,1.0,91
ZRhv,187,1.0,91
Dwhv,1329,1.0,760
Dwhv,1329,1.0,760
Dwhv,1329,1.0,760
Dwhv,1329,1.0,760
Dwhv,1329,1.0,760
dgiB,1373,1.0,795
dgiB,1373,0.0,795
dgiB,1373,1.0,795
dgiB,1373,0.0,795
dgiB,1373,0.0,795
vCiB,801,1.0,447
vCiB,801,1.0,447
vCiB,801,1.0,447
vCiB,801,1.0,447
vCiB,801,1.0,447
M7iB,1282,0.0,711
M7iB,1282,0.0,711
M7iB,1282,0.0,711
M7iB,1282,0.0,711
M7iB,1282,0.0,711
A0iB,532,0.0,284
A0iB,532,1.0,284
A0iB,532,0.0,284
A0iB,532,0.0,284
A0iB,532,0.0,284
XwiB,563,0.0,310
XwiB,563,0.0,310
XwiB,563,1.0,310
hIiB,334,1.0,175
hIiB,334,0.0,175
hIiB,334,1.0,175
hIiB,334,0.0,175
hIiB,334,1.0,175
4siB,726,1.0,397
4siB,726,1.0,397
4siB,726,0.0,397
4siB,726,1.0,397
4siB,726,0.0,397
sQiB,191,0.0,93
sQiB,191,0.0,93
sQiB,191,1.0,93
VjiB,1462,0.0,835
VjiB,1462,0.0,835
VjiB,1462,1.0,835
VjiB,1462,1.0,835
VjiB,1462,0.0,835
M3iB,1521,0.0,863
M3iB,1521,0.0,863
M3iB,1521,0.0,863
M3iB,1521,0.0,863
M3iB,1521,0.0,863
ftiB,414,1.0,220
ftiB,414,0.0,220
ftiB,414,0.0,220
iEiB,1597,0.0,904
iEiB,1597,1.0,904
iEiB,1597,0.0,904
iEiB,1597,1.0,904
iEiB,1392,0.0,779
iEiB,1392,1.0,779
iEiB,1392,1.0,779
iEiB,1392,0.0,779
iEiB,1597,1.0,904
iEiB,1392,1.0,779
BJiB,684,0.0,380
BJiB,684,0.0,380
BJiB,684,0.0,380
BJiB,684,0.0,380
BJiB,684,0.0,380
lniB,312,1.0,166
lniB,312,1.0,166
lniB,312,1.0,166
lniB,312,1.0,166
lniB,312,1.0,166
VfiB,143,1.0,67
VfiB,143,1.0,67
VfiB,143,1.0,67
VfiB,143,1.0,67
VfiB,143,1.0,67
whiB,811,1.0,460
whiB,811,1.0,460
whiB,811,1.0,460
whiB,811,1.0,460
whiB,811,1.0,460
f9iB,485,1.0,261
f9iB,485,1.0,261
f9iB,485,1.0,261
f9iB,485,1.0,261
f9iB,485,0.0,261
e0ks,877,0.0,493
e0ks,877,0.0,493
e0ks,877,1.0,493
e0ks,877,1.0,493
e0ks,877,0.0,493
NZks,249,0.0,124
NZks,249,0.0,124
NZks,249,1.0,124
NZks,950,1.0,544
NZks,950,1.0,544
NZks,950,1.0,544
NZks,249,1.0,124
NZks,249,1.0,124
NZks,950,1.0,544
NZks,950,1.0,544
6Rks,1396,1.0,791
6Rks,1396,1.0,791
6Rks,1396,1.0,791
6Rks,1396,1.0,791
6Rks,1396,1.0,791
VKks,1801,0.0,999
VKks,1801,0.0,999
VKks,1801,0.0,999
VKks,1801,0.0,999
jDks,652,1.0,357
jDks,652,0.0,357
jDks,652,1.0,357
jDks,652,1.0,357
jDks,652,1.0,357
gXks,1775,0.0,991
gXks,1775,0.0,991
gXks,1775,1.0,991
gXks,1775,0.0,991
gXks,1775,0.0,991
pSks,1049,1.0,603
pSks,1049,1.0,603
pSks,1049,1.0,603
pSks,1049,1.0,603
pSks,1049,1.0,603
ocks,1493,1.0,853
ocks,1493,1.0,853
ocks,1493,1.0,853
ocks,1493,1.0,853
ocks,1493,1.0,853
5pks,1738,0.0,985
5pks,1738,1.0,985
5pks,1738,0.0,985
zNks,465,0.0,247
zNks,465,0.0,247
zNks,465,0.0,247
zNks,465,0.0,247
zNks,465,0.0,247
dfks,740,1.0,416
dfks,740,0.0,416
dfks,740,0.0,416
dfks,740,0.0,416
dfks,740,0.0,416
nek4,207,1.0,106
nek4,207,1.0,106
nek4,207,1.0,106
nek4,207,1.0,106
nek4,207,1.0,106
KKk4,1001,1.0,587
KKk4,1001,0.0,587
KKk4,1001,1.0,587
KKk4,1001,1.0,587
KKk4,1001,1.0,587
TAk4,1535,0.0,861
TAk4,1535,0.0,861
TAk4,1535,1.0,861
TAk4,1535,1.0,861
TAk4,1535,0.0,861
Rgk4,1376,1.0,767
Rgk4,1376,0.0,767
Rgk4,1376,0.0,767
Rgk4,1376,1.0,767
Rgk4,1376,0.0,767
JBk4,318,1.0,168
JBk4,318,0.0,168
JBk4,318,1.0,168
JBk4,318,1.0,168
JBk4,318,1.0,168
fAk4,28,1.0,11
fAk4,28,1.0,11
fAk4,28,1.0,11
fAk4,28,1.0,11
fAk4,28,1.0,11
Owk4,457,1.0,248
Owk4,457,0.0,248
Owk4,457,0.0,248
Owk4,457,0.0,248
4Tk4,1252,0.0,721
4Tk4,1252,0.0,721
4Tk4,1252,1.0,721
4Tk4,1252,0.0,721
4Tk4,1252,1.0,721
6ek4,170,1.0,79
6ek4,170,1.0,79
6ek4,170,1.0,79
6ek4,170,1.0,79
6ek4,170,1.0,79
a1k4,796,1.0,449
a1k4,796,1.0,449
a1k4,796,1.0,449
a1k4,796,1.0,449
a1k4,796,1.0,449
dCk4,1276,0.0,739
dCk4,1276,0.0,739
dCk4,1276,0.0,739
dCk4,1276,1.0,739
dCk4,1276,1.0,739
xQk4,1463,1.0,854
xQk4,1463,1.0,854
xQk4,1463,1.0,854
A1lt,710,1.0,396
A1lt,710,1.0,396
A1lt,710,1.0,396
A1lt,710,1.0,396
A1lt,710,1.0,396
J2lt,1420,1.0,814
J2lt,1420,0.0,814
J2lt,1420,0.0,814
J2lt,1420,1.0,814
J2lt,1420,0.0,814
Xalt,318,1.0,168
Xalt,318,1.0,168
Xalt,318,1.0,168
Xalt,318,1.0,168
Xalt,318,1.0,168
Qxlt,1360,0.0,790
Qxlt,1360,1.0,790
Qxlt,1360,1.0,790
Qxlt,1360,1.0,790
Qxlt,1360,1.0,790
YPlt,795,1.0,443
YPlt,795,0.0,443
YPlt,795,1.0,443
YPlt,795,1.0,443
YPlt,795,1.0,443
Palt,130,1.0,64
Palt,130,1.0,64
Palt,130,1.0,64
Palt,130,1.0,64
Palt,130,1.0,64
3Vlt,227,0.0,115
3Vlt,227,0.0,115
3Vlt,227,0.0,115
3Vlt,227,1.0,115
3Vlt,227,1.0,115
Pult,948,0.0,534
Pult,948,0.0,534
Pult,948,0.0,534
Pult,948,1.0,534
Pult,948,1.0,534
ylmK,528,0.0,289
ylmK,528,0.0,289
ylmK,528,1.0,289
ylmK,528,1.0,289
ylmK,528,0.0,289
IqmK,237,1.0,121
IqmK,237,0.0,121
IqmK,237,0.0,121
IqmK,237,0.0,121
IqmK,237,1.0,121
pxmK,757,0.0,430
pxmK,757,0.0,430
pxmK,757,0.0,430
pxmK,757,0.0,430
pxmK,757,0.0,430
qtmK,749,1.0,421
qtmK,749,1.0,421
qtmK,749,1.0,421
qtmK,749,1.0,421
qtmK,749,1.0,421
0WmK,1121,1.0,644
0WmK,1121,0.0,644
0WmK,1121,0.0,644
0WmK,1121,0.0,644
0WmK,1121,0.0,644
bjmK,781,1.0,437
bjmK,781,1.0,437
bjmK,781,0.0,437
bjmK,781,1.0,437
bjmK,781,0.0,437
RomK,1235,1.0,715
RomK,1235,0.0,715
RomK,1235,0.0,715
RomK,1235,0.0,715
RomK,1235,0.0,715
udmK,764,1.0,429
udmK,764,1.0,429
udmK,764,1.0,429
udmK,764,1.0,429
udmK,764,1.0,429
mHmK,1106,1.0,630
mHmK,1106,0.0,630
mHmK,1106,1.0,630
mHmK,1106,0.0,630
LamK,30,1.0,13
LamK,30,1.0,13
LamK,30,1.0,13
LamK,30,1.0,13
LamK,30,1.0,13
IUmK,1545,1.0,874
IUmK,1545,0.0,874
IUmK,1545,1.0,874
IUmK,1545,1.0,874
IUmK,1545,1.0,874
50mK,1159,1.0,651
50mK,1159,0.0,651
50mK,1159,0.0,651
50mK,1159,1.0,651
50mK,1159,0.0,651
29mK,830,1.0,473
29mK,830,0.0,473
ckmK,887,1.0,503
ckmK,887,1.0,503
ckmK,887,1.0,503
ckmK,887,0.0,503
ckmK,887,1.0,503
ozm1,1217,1.0,690
ozm1,1217,0.0,690
ozm1,1217,0.0,690
ozm1,1217,1.0,690
ozm1,1217,0.0,690
Fem1,1243,0.0,708
Fem1,1243,0.0,708
Fem1,1243,0.0,708
Fem1,1243,1.0,708
Fem1,1243,1.0,708
KPm1,888,0.0,501
KPm1,888,1.0,501
KPm1,888,0.0,501
KPm1,888,1.0,501
KPm1,888,1.0,501
pJm1,381,1.0,202
pJm1,381,1.0,202
pJm1,381,1.0,202
pJm1,381,1.0,202
pJm1,381,1.0,202
gXm1,1223,1.0,697
gXm1,1223,1.0,697
gXm1,1223,0.0,697
gXm1,1223,1.0,697
gXm1,1223,1.0,697
dRm1,837,0.0,475
dRm1,837,0.0,475
dRm1,837,0.0,475
dRm1,837,1.0,475
dRm1,837,0.0,475
Ykm1,1014,1.0,592
Ykm1,1014,1.0,592
Ykm1,1014,0.0,592
Ykm1,1014,0.0,592
u5m1,533,1.0,295
u5m1,533,1.0,295
u5m1,533,1.0,295
u5m1,1308,1.0,769
u5m1,533,1.0,295
u5m1,1308,1.0,769
u5m1,1308,0.0,769
u5m1,1308,1.0,769
u5m1,533,1.0,295
u5m1,1308,0.0,769
88m1,763,1.0,425
88m1,763,1.0,425
88m1,763,1.0,425
88m1,763,1.0,425
88m1,763,1.0,425
Vwm1,1275,0.0,719
Vwm1,1275,1.0,719
Vwm1,1275,0.0,719
Vwm1,1275,0.0,719
Vwm1,1275,1.0,719
SBnK,965,0.0,542
SBnK,965,0.0,542
SBnK,965,1.0,542
SBnK,965,1.0,542
SBnK,965,1.0,542
SdnK,1057,1.0,612
SdnK,1057,1.0,612
SdnK,1057,1.0,612
SdnK,1057,1.0,612
SdnK,1057,1.0,612
N2nK,652,1.0,357
N2nK,652,1.0,357
N2nK,652,1.0,357
N2nK,652,1.0,357
N2nK,652,1.0,357
IlnK,1121,1.0,644
IlnK,1121,1.0,644
IlnK,1121,1.0,644
IlnK,1121,1.0,644
IlnK,1121,1.0,644
wYnK,599,1.0,330
wYnK,599,0.0,330
wYnK,599,1.0,330
wYnK,599,1.0,330
wYnK,599,1.0,330
YSnK,1119,1.0,632
YSnK,1119,1.0,632
YSnK,1119,1.0,632
YSnK,1119,1.0,632
YSnK,1119,0.0,632
OAnK,1247,1.0,703
OAnK,1247,1.0,703
OAnK,1247,0.0,703
OAnK,1247,1.0,703
OAnK,1247,1.0,703
vKnK,1068,1.0,611
vKnK,1068,1.0,611
vKnK,1068,1.0,611
vKnK,1068,1.0,611
vKnK,1068,1.0,611
BMnK,1430,0.0,817
BMnK,1430,0.0,817
BMnK,1430,1.0,817
BMnK,1430,0.0,817
lNnK,462,1.0,250
lNnK,462,1.0,250
lNnK,462,1.0,250
lNnK,462,1.0,250
lNnK,462,1.0,250
B8oi,634,0.0,352
B8oi,634,1.0,352
B8oi,634,0.0,352
B8oi,634,0.0,352
B8oi,634,0.0,352
Yioi,1409,1.0,806
Yioi,1409,1.0,806
Yioi,1409,1.0,806
Yioi,1409,1.0,806
Yioi,1409,1.0,806
hvoi,297,1.0,154
hvoi,297,1.0,154
hvoi,297,0.0,154
hvoi,297,0.0,154
hvoi,297,0.0,154
fRoi,483,0.0,268
fRoi,483,0.0,268
fRoi,483,0.0,268
fRoi,483,0.0,268
fRoi,483,0.0,268
iqoi,1486,1.0,825
iqoi,1486,1.0,825
iqoi,1486,1.0,825
iqoi,1486,1.0,825
iqoi,1486,0.0,825
Ikoi,1420,1.0,814
Ikoi,1420,0.0,814
Ikoi,1420,0.0,814
Ikoi,1420,0.0,814
Ikoi,1420,0.0,814
lVoi,473,0.0,256
lVoi,473,1.0,256
lVoi,473,0.0,256
lVoi,473,0.0,256
lVoi,473,0.0,256
V2oi,113,1.0,51
V2oi,113,1.0,51
V2oi,113,1.0,51
V2oi,113,1.0,51
V2oi,113,1.0,51
wypz,494,0.0,267
wypz,494,0.0,267
wypz,494,0.0,267
wypz,494,0.0,267
wypz,494,0.0,267
qgpz,1521,0.0,863
qgpz,1521,0.0,863
qgpz,1521,0.0,863
qgpz,1521,0.0,863
qgpz,1521,0.0,863
yUpz,1723,1.0,954
yUpz,1723,0.0,954
yUpz,1723,0.0,954
yUpz,1723,0.0,954
yUpz,1723,0.0,954
9Fpz,766,1.0,428
9Fpz,766,1.0,428
9Fpz,766,1.0,428
9Fpz,766,1.0,428
9Fpz,766,1.0,428
sapz,1376,1.0,767
sapz,1376,1.0,767
sapz,1376,1.0,767
sapz,1376,1.0,767
sapz,1376,1.0,767
RTpz,12,0.0,4
RTpz,12,1.0,4
RTpz,12,0.0,4
RTpz,12,1.0,4
RTpz,12,0.0,4
gNpz,218,0.0,112
gNpz,218,1.0,112
gNpz,218,0.0,112
gNpz,218,0.0,112
gNpz,218,1.0,112
XLpz,1714,1.0,967
XLpz,1714,1.0,967
XLpz,1714,1.0,967
XLpz,1714,0.0,967
XLpz,1714,1.0,967
nZpz,692,0.0,390
nZpz,692,1.0,390
nZpz,692,0.0,390
nZpz,692,0.0,390
nZpz,692,0.0,390
qIpz,59,1.0,27
qIpz,59,1.0,27
qIpz,59,1.0,27
qIpz,59,1.0,27
qIpz,59,1.0,27
Ojpz,1287,1.0,740
Ojpz,1287,1.0,740
Ojpz,1287,1.0,740
Ojpz,1287,1.0,740
Ojpz,1287,1.0,740
0Epz,808,1.0,456
0Epz,808,1.0,456
0Epz,808,1.0,456
0Epz,808,1.0,456
0Epz,808,1.0,456
J2pz,716,0.0,406
J2pz,716,1.0,406
J2pz,716,0.0,406
J2pz,716,1.0,406
J2pz,716,1.0,406
Z1pJ,964,0.0,553
Z1pJ,964,1.0,553
Z1pJ,964,0.0,553
Z1pJ,964,0.0,553
w9pJ,55,0.0,25
w9pJ,55,0.0,25
w9pJ,55,0.0,25
w9pJ,55,0.0,25
w9pJ,55,0.0,25
eTpJ,1683,1.0,935
eTpJ,1683,1.0,935
eTpJ,1683,1.0,935
eTpJ,1683,1.0,935
eTpJ,1683,1.0,935
MUpJ,1468,0.0,826
MUpJ,1468,0.0,826
MUpJ,1468,1.0,826
MUpJ,1468,0.0,826
MUpJ,1468,0.0,826
wlpJ,711,1.0,394
wlpJ,711,1.0,394
wlpJ,711,1.0,394
wlpJ,711,1.0,394
wlpJ,711,1.0,394
C0pJ,713,0.0,398
C0pJ,713,0.0,398
C0pJ,713,0.0,398
C0pJ,713,0.0,398
C0pJ,713,0.0,398
71pJ,769,1.0,433
71pJ,769,1.0,433
71pJ,769,1.0,433
71pJ,769,1.0,433
71pJ,769,1.0,433
DypJ,1394,0.0,801
DypJ,1394,0.0,801
DypJ,1394,0.0,801
DypJ,1394,0.0,801
DypJ,1394,0.0,801
PopJ,993,0.0,558
PopJ,993,1.0,558
PopJ,993,0.0,558
PopJ,993,0.0,558
PopJ,993,0.0,558
uYsa,691,0.0,375
uYsa,691,0.0,375
uYsa,691,0.0,375
uYsa,691,0.0,375
zCsa,1225,1.0,725
zCsa,1225,1.0,725
zCsa,1225,1.0,725
zCsa,1225,0.0,725
sosa,698,0.0,389
sosa,698,0.0,389
sosa,698,0.0,389
sosa,698,0.0,389
sosa,698,0.0,389
TPsa,1514,0.0,877
TPsa,1514,0.0,877
TPsa,1514,0.0,877
TPsa,1514,1.0,877
TPsa,1514,0.0,877
26sa,1511,0.0,880
26sa,1511,1.0,880
26sa,1511,1.0,880
26sa,1511,0.0,880
26sa,1511,1.0,880
Thsa,1501,1.0,857
Thsa,1501,1.0,857
Thsa,1501,1.0,857
Thsa,1501,0.0,857
Thsa,1501,1.0,857
E7sa,669,1.0,372
E7sa,669,1.0,372
E7sa,669,1.0,372
E7sa,669,1.0,372
E7sa,669,1.0,372
nwsa,1368,1.0,802
nwsa,1368,0.0,802
nwsa,1368,0.0,802
3zs1,1621,1.0,914
3zs1,1621,1.0,914
3zs1,1621,1.0,914
3zs1,1621,1.0,914
8fs1,19,1.0,7
8fs1,19,1.0,7
8fs1,19,1.0,7
8fs1,19,1.0,7
8fs1,19,1.0,7
95s1,1044,1.0,607
95s1,1044,1.0,607
95s1,1044,1.0,607
95s1,1044,1.0,607
95s1,1044,1.0,607
yPs1,1119,1.0,632
yPs1,1119,1.0,632
yPs1,1119,1.0,632
yPs1,1119,1.0,632
yPs1,1119,1.0,632
FIs1,1480,1.0,843
FIs1,1480,1.0,843
FIs1,1480,1.0,843
FIs1,1480,1.0,843
FIs1,1480,1.0,843
R6s1,1576,1.0,894
R6s1,1576,1.0,894
R6s1,1580,0.0,864
R6s1,1576,0.0,894
R6s1,1576,1.0,894
R6s1,1580,0.0,864
R6s1,1580,1.0,864
R6s1,1580,1.0,864
R6s1,1580,0.0,864
R6s1,1576,1.0,894
5Ss1,1316,0.0,756
5Ss1,1316,0.0,756
5Ss1,1316,1.0,756
5Ss1,1316,1.0,756
5Ss1,1316,0.0,756
1Zs1,430,0.0,229
1Zs1,430,1.0,229
1Zs1,430,0.0,229
1Zs1,430,1.0,229
1Zs1,430,0.0,229
tLs1,1511,0.0,880
tLs1,1511,1.0,880
tLs1,1511,1.0,880
tLs1,1511,1.0,880
tLs1,1511,0.0,880
jms1,1436,0.0,816
jms1,1436,1.0,816
jms1,1436,1.0,816
jms1,1436,0.0,816
jms1,1436,1.0,816
9Ns1,406,0.0,213
9Ns1,406,0.0,213
9Ns1,406,0.0,213
9Ns1,406,0.0,213
9Ns1,406,0.0,213
Fps1,1142,1.0,654
Fps1,1142,1.0,654
Fps1,1142,1.0,654
Fps1,1142,1.0,654
Fps1,1142,1.0,654
U7s1,1676,1.0,942
U7s1,1676,1.0,942
U7s1,1676,1.0,942
U7s1,1676,1.0,942
U7s1,1676,1.0,942
Q9s1,171,0.0,81
Q9s1,171,0.0,81
Q9s1,171,0.0,81
Q9s1,171,0.0,81
Q9s1,171,0.0,81
HFs1,262,1.0,136
HFs1,262,1.0,136
HFs1,262,1.0,136
HFs1,262,0.0,136
HFs1,262,0.0,136
W6tG,585,0.0,324
W6tG,585,1.0,324
W6tG,585,1.0,324
W6tG,585,1.0,324
W6tG,585,1.0,324
bGtG,613,0.0,341
bGtG,613,1.0,341
bGtG,613,0.0,341
bGtG,613,1.0,341
bGtG,613,1.0,341
lPtG,1307,1.0,753
lPtG,1307,0.0,753
lPtG,1307,1.0,753
lPtG,1307,1.0,753
lPtG,1307,1.0,753
zctG,250,1.0,128
zctG,250,1.0,128
zctG,250,1.0,128
zctG,250,1.0,128
zctG,250,1.0,128
ENtG,1716,0.0,939
ENtG,1716,0.0,939
ENtG,1716,1.0,939
ENtG,1716,0.0,939
ENtG,1716,0.0,939
4ktG,964,1.0,553
4ktG,964,1.0,553
4ktG,964,1.0,553
4ktG,964,1.0,553
4ktG,964,1.0,553
KptG,835,1.0,468
KptG,835,1.0,468
KptG,835,1.0,468
KptG,835,1.0,468
KptG,835,1.0,468
82tG,204,0.0,104
82tG,204,0.0,104
82tG,204,0.0,104
82tG,204,0.0,104
82tG,204,0.0,104
QktG,1712,1.0,963
QktG,1712,1.0,963
QktG,1712,1.0,963
QktG,1712,1.0,963
QktG,1712,0.0,963
FitG,21,1.0,8
FitG,21,1.0,8
FitG,21,1.0,8
FitG,21,1.0,8
FitG,21,1.0,8
BytG,330,1.0,174
BytG,330,1.0,174
BytG,330,1.0,174
BytG,330,1.0,174
BytG,330,1.0,174
eAtG,1424,0.0,794
eAtG,1424,0.0,794
eAtG,1424,0.0,794
eAtG,1424,0.0,794
eAtG,1424,0.0,794
hftG,551,1.0,302
hftG,551,1.0,302
hftG,551,1.0,302
hftG,551,1.0,302
hftG,551,1.0,302
KztG,463,1.0,249
KztG,463,0.0,249
KztG,463,1.0,249
KztG,463,1.0,249
KztG,463,1.0,249
lQtP,187,0.0,91
lQtP,994,1.0,573
lQtP,994,0.0,573
lQtP,994,0.0,573
lQtP,994,0.0,573
lQtP,187,0.0,91
lQtP,187,1.0,91
lQtP,187,0.0,91
lQtP,994,1.0,573
lQtP,187,1.0,91
wztP,1683,0.0,935
wztP,1683,0.0,935
wztP,1683,0.0,935
wztP,1683,0.0,935
wztP,1683,0.0,935
EitP,1737,1.0,971
EitP,1737,1.0,971
EitP,1737,1.0,971
EitP,1737,1.0,971
jitP,1137,0.0,645
jitP,1137,1.0,645
jitP,1137,0.0,645
jitP,1137,0.0,645
awtP,1387,0.0,785
awtP,1387,1.0,785
awtP,1387,1.0,785
awtP,1387,1.0,785
awtP,1387,1.0,785
QztP,764,0.0,429
QztP,764,0.0,429
QztP,764,0.0,429
QztP,764,0.0,429
QztP,764,0.0,429
jWtP,442,1.0,235
jWtP,442,0.0,235
jWtP,442,1.0,235
jWtP,442,0.0,235
jWtP,442,1.0,235
KntP,1662,1.0,957
KntP,1662,1.0,957
KntP,1662,1.0,957
KntP,1662,1.0,957
KntP,1662,0.0,957
HPtP,220,1.0,111
HPtP,220,1.0,111
HPtP,220,0.0,111
HPtP,220,0.0,111
HPtP,220,1.0,111
BKtP,954,0.0,557
BKtP,954,0.0,557
BKtP,954,1.0,557
BKtP,954,1.0,557
BKtP,954,0.0,557
PPtP,498,0.0,275
PPtP,498,1.0,275
PPtP,498,0.0,275
PPtP,498,1.0,275
PPtP,498,0.0,275
xHtP,182,1.0,87
xHtP,182,1.0,87
xHtP,182,1.0,87
xHtP,182,0.0,87
xHtP,182,1.0,87
1qtP,488,0.0,263
1qtP,424,1.0,222
1qtP,488,1.0,263
1qtP,424,1.0,222
1qtP,488,1.0,263
1qtP,424,1.0,222
1qtP,488,0.0,263
1qtP,488,1.0,263
1qtP,424,1.0,222
UdtP,164,0.0,76
UdtP,164,0.0,76
UdtP,164,0.0,76
UdtP,164,0.0,76
UdtP,164,0.0,76
cdwF,1030,1.0,594
cdwF,1030,1.0,594
cdwF,1030,1.0,594
cdwF,1030,1.0,594
cdwF,1030,1.0,594
HXwF,22,0.0,9
HXwF,22,0.0,9
HXwF,22,0.0,9
HXwF,22,1.0,9
HXwF,22,1.0,9
bbwF,190,0.0,94
bbwF,190,1.0,94
bbwF,190,0.0,94
bbwF,190,0.0,94
bbwF,190,0.0,94
aVwF,514,0.0,276
aVwF,514,0.0,276
aVwF,514,1.0,276
aVwF,514,1.0,276
aVwF,313,0.0,162
aVwF,313,0.0,162
aVwF,313,0.0,162
aVwF,514,1.0,276
aVwF,313,0.0,162
aVwF,313,1.0,162
tKwF,727,0.0,414
tKwF,727,0.0,414
tKwF,727,0.0,414
tKwF,727,0.0,414
tKwF,727,0.0,414
1cwF,1580,0.0,864
1cwF,1580,0.0,864
1cwF,1580,0.0,864
1cwF,1580,0.0,864
1cwF,1580,0.0,864
KLwF,73,0.0,32
KLwF,73,0.0,32
KLwF,73,0.0,32
KLwF,73,1.0,32
SLwF,847,1.0,480
SLwF,847,1.0,480
SLwF,847,1.0,480
SLwF,847,1.0,480
SLwF,847,1.0,480
GGwF,1303,1.0,748
GGwF,1303,1.0,748
GGwF,1303,1.0,748
GGwF,1303,0.0,748
GGwF,1303,1.0,748
8JwF,474,0.0,259
8JwF,474,0.0,259
8JwF,474,0.0,259
8JwF,474,0.0,259
8JwF,474,1.0,259
ROwF,262,1.0,136
ROwF,262,1.0,136
ROwF,262,1.0,136
ROwF,262,1.0,136
ROwF,262,1.0,136
07wF,728,0.0,404
07wF,728,1.0,404
07wF,728,1.0,404
07wF,728,1.0,404
07wF,728,1.0,404
LgwF,686,0.0,383
LgwF,686,0.0,383
LgwF,686,0.0,383
LgwF,686,0.0,383
LgwF,686,0.0,383
XLwF,1187,0.0,691
XLwF,1187,0.0,691
XLwF,1187,0.0,691
XLwF,1187,0.0,691
XLwF,1187,0.0,691
D7wF,1122,1.0,631
D7wF,1122,1.0,631
D7wF,1122,1.0,631
D7wF,1122,1.0,631
D7wF,1122,0.0,631
N5wF,1195,0.0,701
N5wF,1195,0.0,701
N5wF,1195,0.0,701
N5wF,233,0.0,119
N5wF,233,0.0,119
N5wF,233,0.0,119
N5wF,1195,0.0,701
N5wF,233,0.0,119
N5wF,1195,0.0,701
N5wF,233,0.0,119
5KAG,993,0.0,558
5KAG,993,0.0,558
5KAG,993,0.0,558
5KAG,993,0.0,558
5KAG,993,0.0,558
TiAG,54,0.0,23
TiAG,54,0.0,23
TiAG,54,0.0,23
TiAG,54,0.0,23
TiAG,54,0.0,23
abAG,151,1.0,71
abAG,151,1.0,71
abAG,151,1.0,71
abAG,151,1.0,71
abAG,151,1.0,71
6TAG,1608,0.0,913
6TAG,1608,1.0,913
6TAG,1608,1.0,913
6TAG,1608,1.0,913
6TAG,1608,1.0,913
M8AG,188,1.0,90
M8AG,188,1.0,90
M8AG,188,1.0,90
M8AG,188,1.0,90
M8AG,188,1.0,90
DOAG,983,0.0,552
DOAG,983,0.0,552
DOAG,983,0.0,552
DOAG,983,0.0,552
DOAG,983,0.0,552
e1AG,267,0.0,138
e1AG,267,0.0,138
e1AG,267,0.0,138
kcAG,816,0.0,458
kcAG,816,0.0,458
UxAG,1496,0.0,868
UxAG,1496,0.0,868
UxAG,1496,0.0,868
UxAG,1496,0.0,868
UxAG,1496,0.0,868
IkAG,1675,1.0,933
IkAG,1675,1.0,933
IkAG,1675,0.0,933
IkAG,1675,1.0,933
IkAG,1675,0.0,933
gyAG,278,1.0,146
gyAG,278,1.0,146
gyAG,278,1.0,146
gyAG,278,1.0,146
gyAG,278,1.0,146
bWAG,1788,1.0,998
bWAG,1788,1.0,998
bWAG,1788,1.0,998
bWAG,1788,1.0,998
bWAG,1788,1.0,998
rhAG,23,1.0,10
rhAG,23,1.0,10
rhAG,23,1.0,10
rhAG,23,1.0,10
rhAG,23,0.0,10
cDBE,396,0.0,207
cDBE,396,1.0,207
cDBE,396,0.0,207
cDBE,396,0.0,207
cDBE,396,0.0,207
qeBE,664,1.0,366
qeBE,664,1.0,366
qeBE,664,1.0,366
qeBE,664,1.0,366
qeBE,664,1.0,366
KPBE,333,0.0,172
KPBE,333,1.0,172
KPBE,333,1.0,172
KPBE,333,1.0,172
KPBE,333,1.0,172
cJBE,1489,0.0,871
cJBE,1489,0.0,871
cJBE,1489,0.0,871
cJBE,1489,0.0,871
cJBE,1489,0.0,871
oABE,587,1.0,325
oABE,587,1.0,325
oABE,587,1.0,325
oABE,587,0.0,325
oABE,587,1.0,325
FyBE,1103,0.0,633
FyBE,1103,0.0,633
FyBE,1103,0.0,633
FyBE,1103,0.0,633
FyBE,1103,0.0,633
rSBE,1628,1.0,886
rSBE,1628,1.0,886
rSBE,1628,1.0,886
rSBE,1628,1.0,886
rSBE,1628,1.0,886
utBE,521,0.0,296
utBE,521,0.0,296
utBE,521,1.0,296
utBE,521,0.0,296
utBE,521,1.0,296
rABE,869,0.0,482
rABE,869,0.0,482
rABE,869,1.0,482
rABE,869,1.0,482
rABE,869,1.0,482
qRBE,718,0.0,408
qRBE,718,1.0,408
qRBE,718,1.0,408
qRBE,718,1.0,408
qRBE,718,1.0,408
2kBE,903,0.0,511
2kBE,903,1.0,511
2kBE,903,0.0,511
2kBE,903,0.0,511
2kBE,903,0.0,511
wrBE,475,0.0,258
wrBE,475,0.0,258
wrBE,475,1.0,258
wrBE,475,1.0,258
wrBE,475,0.0,258
5WBE,1177,1.0,676
5WBE,384,0.0,197
5WBE,1177,1.0,676
5WBE,384,1.0,197
5WBE,384,1.0,197
5WBE,384,1.0,197
5WBE,384,0.0,197
5WBE,1177,1.0,676
5WBE,1177,1.0,676
5WBE,1177,1.0,676
kYBE,61,1.0,29
kYBE,61,1.0,29
kYBE,61,1.0,29
kYBE,61,1.0,29
kYBE,61,1.0,29
vEBE,1656,1.0,970
vEBE,1656,0.0,970
vEBE,1656,0.0,970
vEBE,1656,0.0,970
vEBE,1656,1.0,970
Q0BE,1725,1.0,979
Q0BE,1725,0.0,979
Q0BE,1725,0.0,979
Q0BE,1725,0.0,979
Q0BE,1725,1.0,979
0ECH,421,1.0,221
0ECH,421,1.0,221
0ECH,421,1.0,221
0ECH,421,1.0,221
0ECH,421,1.0,221
3TCH,942,1.0,541
3TCH,942,0.0,541
3TCH,942,1.0,541
3TCH,942,0.0,541
3TCH,942,0.0,541
zYCH,1056,1.0,604
zYCH,1056,0.0,604
zYCH,1056,1.0,604
zYCH,1056,1.0,604
zYCH,1056,1.0,604
8wCH,1519,0.0,851
8wCH,1519,0.0,851
8wCH,1519,1.0,851
8wCH,1519,1.0,851
S4CH,1339,1.0,762
S4CH,1339,1.0,762
S4CH,1339,0.0,762
S4CH,1339,1.0,762
JYCH,816,0.0,458
JYCH,816,0.0,458
JYCH,816,1.0,458
JYCH,816,0.0,458
JYCH,816,0.0,458
6ECH,1412,0.0,800
6ECH,1412,0.0,800
6ECH,1412,0.0,800
6ECH,1412,0.0,800
6ECH,1412,0.0,800
5lCH,348,1.0,180
5lCH,348,1.0,180
5lCH,348,1.0,180
5lCH,348,1.0,180
5lCH,348,1.0,180
SHCH,830,0.0,473
SHCH,830,0.0,473
SHCH,830,0.0,473
SHCH,830,0.0,473
gCCH,1632,1.0,906
gCCH,1632,0.0,906
gCCH,1632,1.0,906
gCCH,1632,0.0,906
P6CH,993,1.0,558
P6CH,993,0.0,558
P6CH,993,0.0,558
P6CH,993,1.0,558
P6CH,993,1.0,558
4HCH,1459,0.0,834
4HCH,1459,0.0,834
4HCH,1459,1.0,834
4HCH,1459,0.0,834
4HCH,1459,1.0,834
XUCH,118,0.0,55
XUCH,118,1.0,55
XUCH,118,0.0,55
XUCH,118,1.0,55
XUCH,118,1.0,55
jjCH,1495,1.0,859
jjCH,1495,1.0,859
jjCH,1495,1.0,859
jjCH,1495,1.0,859
jjCH,1495,1.0,859
3NCH,369,1.0,190
3NCH,369,1.0,190
3NCH,369,1.0,190
3NCH,369,1.0,190
3NCH,369,1.0,190
K0DH,1103,0.0,633
K0DH,1103,1.0,633
K0DH,1103,1.0,633
K0DH,1103,0.0,633
K0DH,1103,0.0,633
KBDH,648,0.0,363
KBDH,648,1.0,363
KBDH,648,0.0,363
KBDH,648,1.0,363
KBDH,648,1.0,363
YGDH,473,1.0,256
YGDH,473,1.0,256
YGDH,473,1.0,256
YGDH,473,0.0,256
YGDH,473,0.0,256
I5DH,1799,0.0,992
I5DH,1799,0.0,992
I5DH,1799,1.0,992
I5DH,1799,0.0,992
I5DH,1799,0.0,992
n4DH,504,1.0,277
n4DH,504,1.0,277
n4DH,504,1.0,277
n4DH,504,1.0,277
n4DH,504,1.0,277
CcDH,256,0.0,132
CcDH,256,1.0,132
CcDH,256,1.0,132
CcDH,256,1.0,132
CcDH,256,1.0,132
DlDH,728,0.0,404
DlDH,728,0.0,404
DlDH,728,0.0,404
DlDH,728,0.0,404
DlDH,728,0.0,404
InDH,329,1.0,173
InDH,329,1.0,173
InDH,329,1.0,173
InDH,329,1.0,173
InDH,329,1.0,173
bCDH,7,1.0,1
bCDH,7,1.0,1
bCDH,7,1.0,1
bCDH,7,1.0,1
bCDH,7,1.0,1
62DH,948,0.0,534
62DH,948,0.0,534
62DH,948,0.0,534
62DH,948,0.0,534
62DH,948,0.0,534
tmFk,262,0.0,136
tmFk,262,1.0,136
tmFk,262,1.0,136
tmFk,262,1.0,136
tmFk,262,0.0,136
pjFk,1159,0.0,651
pjFk,1159,0.0,651
pjFk,1159,0.0,651
pjFk,1159,0.0,651
pjFk,1159,1.0,651
d7Fk,1486,1.0,825
d7Fk,1486,1.0,825
d7Fk,1486,1.0,825
d7Fk,1486,0.0,825
d7Fk,1486,0.0,825
1oFk,1576,1.0,894
1oFk,1576,1.0,894
1oFk,1576,1.0,894
1oFk,1576,1.0,894
1oFk,1576,1.0,894
TMFk,1540,0.0,865
TMFk,1540,0.0,865
TMFk,1540,0.0,865
TMFk,1540,0.0,865
TMFk,1540,1.0,865
5DFk,48,1.0,21
5DFk,48,1.0,21
5DFk,48,1.0,21
5DFk,48,1.0,21
5DFk,48,1.0,21
bbFk,1334,1.0,755
bbFk,1334,1.0,755
bbFk,1334,1.0,755
bbFk,1334,0.0,755
bbFk,1334,0.0,755
h3Fk,83,0.0,39
h3Fk,83,1.0,39
h3Fk,83,1.0,39
h3Fk,83,1.0,39
h3Fk,83,1.0,39
HjFk,1735,1.0,966
HjFk,1735,1.0,966
HjFk,1735,1.0,966
HjFk,1735,0.0,966
HjFk,1735,0.0,966
BQFk,129,1.0,63
BQFk,129,1.0,63
BQFk,129,1.0,63
BQFk,129,1.0,63
BQFk,129,0.0,63
MoFk,1310,0.0,759
MoFk,1310,1.0,759
MoFk,1310,1.0,759
MoFk,1310,1.0,759
MoFk,1310,1.0,759
gSFk,303,0.0,158
gSFk,303,0.0,158
gSFk,303,0.0,158
gSFk,303,0.0,158
gSFk,303,0.0,158
OTFk,1214,0.0,682
OTFk,1214,1.0,682
OTFk,1214,0.0,682
OTFk,1214,0.0,682
QCFp,95,0.0,44
QCFp,95,0.0,44
QCFp,95,0.0,44
L7Fp,944,0.0,531
L7Fp,944,0.0,531
L7Fp,944,0.0,531
L7Fp,944,1.0,531
L7Fp,944,0.0,531
MIFp,1521,0.0,863
MIFp,1521,0.0,863
MIFp,1521,0.0,863
MIFp,1521,0.0,863
MIFp,1521,0.0,863
sdFp,932,0.0,521
sdFp,932,1.0,521
sdFp,932,1.0,521
sdFp,932,1.0,521
sdFp,932,1.0,521
aIFp,1514,1.0,877
aIFp,930,0.0,513
aIFp,1514,1.0,877
aIFp,930,0.0,513
aIFp,1514,1.0,877
aIFp,930,0.0,513
aIFp,930,0.0,513
aIFp,930,0.0,513
aIFp,1514,1.0,877
7tFp,764,1.0,429
7tFp,764,1.0,429
7tFp,764,1.0,429
7tFp,764,1.0,429
7tFp,764,1.0,429
7nFp,1716,0.0,939
7nFp,1716,0.0,939
7nFp,1716,0.0,939
7nFp,1630,1.0,912
7nFp,1630,1.0,912
7nFp,1716,0.0,939
7nFp,1630,1.0,912
7nFp,1716,0.0,939
7nFp,1630,1.0,912
7nFp,1630,1.0,912
wPFp,504,0.0,277
wPFp,504,0.0,277
wPFp,504,0.0,277
wPFp,504,0.0,277
wPFp,504,0.0,277
eKFp,1443,0.0,807
eKFp,1443,0.0,807
eKFp,1443,0.0,807
eKFp,1443,0.0,807
eKFp,1443,0.0,807
30Fp,1298,1.0,728
30Fp,1298,1.0,728
YbFp,727,1.0,414
YbFp,727,1.0,414
YbFp,727,1.0,414
YbFp,727,1.0,414
YbFp,727,1.0,414
kgFp,232,1.0,117
kgFp,232,1.0,117
kgFp,232,1.0,117
kgFp,232,1.0,117
kgFp,232,1.0,117
MAHW,1310,1.0,759
MAHW,1310,1.0,759
MAHW,1310,1.0,759
MAHW,1310,1.0,759
MAHW,1310,1.0,759
VZHW,125,1.0,59
VZHW,125,1.0,59
VZHW,125,1.0,59
VZHW,125,1.0,59
VZHW,125,0.0,59
H9HW,664,1.0,366
H9HW,965,1.0,542
H9HW,965,1.0,542
H9HW,664,1.0,366
H9HW,664,1.0,366
H9HW,664,1.0,366
H9HW,664,1.0,366
H9HW,965,1.0,542
H9HW,965,1.0,542
H9HW,965,1.0,542
VwHW,721,1.0,399
VwHW,721,1.0,399
VwHW,721,1.0,399
VwHW,721,1.0,399
VwHW,721,1.0,399
e8HW,32,0.0,14
e8HW,32,0.0,14
e8HW,32,0.0,14
e8HW,32,0.0,14
e8HW,32,0.0,14
P4HW,1201,1.0,675
P4HW,1201,1.0,675
P4HW,1201,0.0,675
P4HW,1201,0.0,675
P4HW,1201,0.0,675
CUHW,322,0.0,170
CUHW,322,0.0,170
CUHW,322,0.0,170
CUHW,322,0.0,170
nEHW,1715,1.0,958
nEHW,1715,1.0,958
nEHW,1715,1.0,958
nEHW,1715,1.0,958
nEHW,1715,1.0,958
euHW,1224,1.0,707
euHW,1224,1.0,707
euHW,1224,1.0,707
euHW,1224,1.0,707
euHW,1224,0.0,707
XQHW,501,1.0,272
XQHW,501,1.0,272
XQHW,501,1.0,272
XQHW,501,1.0,272
XQHW,501,1.0,272
XsHW,1288,0.0,729
XsHW,1288,0.0,729
XsHW,1288,0.0,729
XsHW,1288,0.0,729
XsHW,1288,1.0,729
TNHW,642,1.0,355
TNHW,642,1.0,355
TNHW,642,1.0,355
TNHW,642,1.0,355
TNHW,642,1.0,355
gqHW,53,1.0,22
gqHW,53,1.0,22
gqHW,53,1.0,22
gqHW,53,1.0,22
gqHW,53,1.0,22
lNHW,227,1.0,115
lNHW,227,0.0,115
lNHW,227,0.0,115
lNHW,227,1.0,115
lNHW,227,1.0,115
sNHW,118,1.0,55
sNHW,118,1.0,55
sNHW,118,1.0,55
sNHW,118,1.0,55
sNHW,118,1.0,55
27I4,388,1.0,198
27I4,388,1.0,198
27I4,388,1.0,198
27I4,388,1.0,198
27I4,388,1.0,198
eTI4,911,0.0,526
eTI4,911,0.0,526
eTI4,911,1.0,526
eTI4,911,1.0,526
eTI4,911,0.0,526
GZI4,358,0.0,181
GZI4,358,0.0,181
GZI4,358,0.0,181
GZI4,358,0.0,181
GZI4,358,0.0,181
VUI4,1197,0.0,683
VUI4,1197,1.0,683
VUI4,1197,1.0,683
VUI4,1197,1.0,683
VUI4,1197,1.0,683
vUI4,1690,0.0,950
vUI4,1690,0.0,950
vUI4,1690,0.0,950
vUI4,1690,0.0,950
anI4,808,1.0,456
anI4,808,1.0,456
anI4,808,1.0,456
anI4,808,1.0,456
anI4,808,1.0,456
UKI4,1014,1.0,592
UKI4,1014,1.0,592
UKI4,1014,1.0,592
UKI4,1014,1.0,592
UKI4,1014,1.0,592
HeI4,1365,1.0,793
HeI4,1365,1.0,793
HeI4,1365,1.0,793
HeI4,1365,1.0,793
HeI4,1365,1.0,793
fsI4,1348,0.0,771
fsI4,1348,0.0,771
fsI4,1348,1.0,771
fsI4,1348,0.0,771
fsI4,1348,0.0,771
gpI4,305,0.0,161
gpI4,305,0.0,161
gpI4,305,1.0,161
gpI4,305,1.0,161
g7MM,1117,1.0,628
g7MM,1117,1.0,628
g7MM,1117,1.0,628
g7MM,1117,0.0,628
g7MM,1117,1.0,628
12MM,543,1.0,304
12MM,543,1.0,304
12MM,543,1.0,304
12MM,543,1.0,304
cXMM,940,0.0,546
cXMM,940,0.0,546
cXMM,940,0.0,546
cXMM,940,0.0,546
cXMM,940,1.0,546
wRMM,1630,1.0,912
wRMM,1630,1.0,912
wRMM,1630,0.0,912
wRMM,1630,1.0,912
wRMM,1630,1.0,912
zCMM,388,1.0,198
zCMM,388,0.0,198
zCMM,388,1.0,198
zCMM,388,1.0,198
zCMM,388,1.0,198
I3MM,728,0.0,404
I3MM,728,0.0,404
I3MM,728,0.0,404
I3MM,728,0.0,404
I3MM,728,0.0,404
5pMM,732,1.0,409
5pMM,732,1.0,409
5pMM,732,0.0,409
5pMM,732,0.0,409
5pMM,732,0.0,409
PAMM,638,0.0,350
PAMM,638,1.0,350
PAMM,638,1.0,350
PAMM,638,0.0,350
PAMM,638,1.0,350
SOMM,1379,1.0,787
SOMM,1379,0.0,787
SOMM,1379,0.0,787
SOMM,1379,1.0,787
SOMM,1379,1.0,787
WhOv,299,1.0,157
WhOv,299,0.0,157
WhOv,299,1.0,157
0wOv,1402,0.0,808
0wOv,680,0.0,385
0wOv,680,0.0,385
0wOv,1402,0.0,808
0wOv,680,0.0,385
0wOv,1402,0.0,808
0wOv,680,0.0,385
0wOv,1402,0.0,808
0wOv,1402,0.0,808
0wOv,680,0.0,385
00Ov,1774,0.0,993
00Ov,1774,1.0,993
00Ov,1774,1.0,993
rMOv,1515,1.0,870
rMOv,1515,0.0,870
rMOv,1515,0.0,870
rMOv,1515,0.0,870
rMOv,1515,1.0,870
eXOv,1031,0.0,584
eXOv,1031,1.0,584
eXOv,1031,0.0,584
eXOv,1031,0.0,584
eXOv,1031,0.0,584
0SOv,1415,1.0,810
0SOv,1415,1.0,810
0SOv,1415,1.0,810
0SOv,1415,1.0,810
0SOv,1415,0.0,810
TmOv,789,0.0,455
TmOv,789,1.0,455
TmOv,789,1.0,455
TmOv,789,0.0,455
TmOv,789,1.0,455
vZOv,170,1.0,79
vZOv,170,1.0,79
vZOv,170,1.0,79
vZOv,170,1.0,79
vZOv,170,1.0,79
LUOv,972,1.0,549
LUOv,972,1.0,549
LUOv,972,0.0,549
LUOv,972,1.0,549
LUOv,972,1.0,549
isOv,843,0.0,470
isOv,843,1.0,470
isOv,843,1.0,470
isOv,843,0.0,470
isOv,843,0.0,470
WqOv,572,0.0,320
WqOv,572,0.0,320
WqOv,572,0.0,320
WqOv,572,0.0,320
WqOv,572,0.0,320
fROv,667,0.0,374
fROv,667,1.0,374
fROv,667,0.0,374
fROv,667,1.0,374
fROv,667,0.0,374
CHOv,405,0.0,212
CHOv,405,0.0,212
CHOv,405,0.0,212
CHOv,405,0.0,212
CHOv,405,0.0,212
oLOL,788,0.0,444
oLOL,788,1.0,444
oLOL,788,1.0,444
oLOL,788,0.0,444
oLOL,788,1.0,444
eGOL,860,1.0,483
eGOL,860,1.0,483
eGOL,860,1.0,483
eGOL,860,1.0,483
eGOL,860,1.0,483
p2OL,440,0.0,234
p2OL,440,1.0,234
p2OL,440,0.0,234
p2OL,440,1.0,234
p2OL,440,0.0,234
cPOL,156,0.0,72
cPOL,156,0.0,72
cPOL,156,1.0,72
cPOL,156,1.0,72
cPOL,156,0.0,72
ZzOL,549,1.0,301
ZzOL,549,0.0,301
ZzOL,549,1.0,301
ZzOL,549,1.0,301
ZzOL,549,0.0,301
ueOL,1715,1.0,958
ueOL,1715,1.0,958
ueOL,1715,1.0,958
ueOL,1715,1.0,958
ueOL,1715,1.0,958
AJOL,445,1.0,236
AJOL,445,0.0,236
AJOL,445,1.0,236
AJOL,445,1.0,236
AJOL,445,1.0,236
B1OL,259,1.0,134
B1OL,259,1.0,134
B1OL,259,1.0,134
B1OL,259,1.0,134
B1OL,259,1.0,134
60OL,1505,1.0,846
60OL,1505,1.0,846
60OL,1505,1.0,846
60OL,1505,0.0,846
60OL,1505,1.0,846
abOL,1453,0.0,821
abOL,1453,0.0,821
abOL,1453,0.0,821
abOL,1453,0.0,821
abOL,1453,0.0,821
VjOL,632,1.0,351
VjOL,632,1.0,351
VjOL,632,1.0,351
VjOL,632,1.0,351
VjOL,632,1.0,351
LgOT,974,0.0,537
LgOT,974,0.0,537
LgOT,974,1.0,537
LgOT,974,0.0,537
LgOT,974,0.0,537
yMOT,1395,0.0,799
yMOT,1132,0.0,646
yMOT,1395,0.0,799
yMOT,1132,1.0,646
yMOT,1395,0.0,799
yMOT,1208,1.0,677
yMOT,1208,1.0,677
yMOT,1132,0.0,646
yMOT,1132,1.0,646
yMOT,1395,1.0,799
yMOT,1208,1.0,677
yMOT,1208,1.0,677
yMOT,1395,1.0,799
yMOT,1132,0.0,646
yMOT,1208,1.0,677
s5OT,986,1.0,565
s5OT,986,1.0,565
s5OT,986,1.0,565
s5OT,986,1.0,565
s5OT,986,1.0,565
lfOT,598,0.0,328
lfOT,598,0.0,328
lfOT,598,1.0,328
lfOT,598,1.0,328
lfOT,598,0.0,328
6rOT,1442,1.0,842
6rOT,1442,0.0,842
6rOT,1442,0.0,842
6rOT,1442,0.0,842
6rOT,1442,0.0,842
KYOT,1738,0.0,985
KYOT,1738,0.0,985
KYOT,1738,0.0,985
KYOT,1738,0.0,985
mqOT,1735,1.0,966
mqOT,1735,1.0,966
txOT,1662,1.0,957
txOT,1662,1.0,957
txOT,1662,1.0,957
txOT,1662,0.0,957
txOT,1662,0.0,957
1FOT,973,0.0,547
1FOT,973,1.0,547
1FOT,973,0.0,547
1FOT,973,1.0,547
1FOT,973,1.0,547
y7OT,791,0.0,442
y7OT,791,0.0,442
y7OT,791,0.0,442
y7OT,791,0.0,442
y7OT,791,0.0,442
MvOT,1660,0.0,934
MvOT,1660,0.0,934
MvOT,1660,0.0,934
MvOT,1660,0.0,934
MvOT,1660,0.0,934
s1Xf,381,1.0,202
s1Xf,381,0.0,202
s1Xf,381,0.0,202
s1Xf,381,0.0,202
s1Xf,381,0.0,202
HuXf,205,0.0,103
HuXf,205,0.0,103
HuXf,205,0.0,103
HuXf,205,0.0,103
HuXf,205,0.0,103
kLXf,396,0.0,207
kLXf,396,1.0,207
kLXf,396,0.0,207
kLXf,396,1.0,207
FvXf,268,0.0,139
FvXf,268,0.0,139
FvXf,268,0.0,139
FvXf,268,0.0,139
FvXf,268,0.0,139
m5Xf,1487,1.0,856
m5Xf,1487,0.0,856
m5Xf,1487,0.0,856
m5Xf,1487,1.0,856
m5Xf,1487,0.0,856
TuXf,1685,0.0,964
TuXf,1685,0.0,964
TuXf,1685,0.0,964
TuXf,1685,0.0,964
TuXf,1685,0.0,964
T1Xf,852,0.0,476
T1Xf,852,0.0,476
T1Xf,852,1.0,476
T1Xf,852,0.0,476
zkXf,360,1.0,186
zkXf,360,1.0,186
zkXf,360,1.0,186
zkXf,360,1.0,186
zkXf,360,1.0,186
M1Xf,259,0.0,134
M1Xf,259,1.0,134
M1Xf,259,0.0,134
M1Xf,259,0.0,134
GeYp,414,0.0,220
GeYp,414,0.0,220
GeYp,414,0.0,220
GeYp,414,0.0,220
GeYp,414,0.0,220
HWYp,528,1.0,289
HWYp,528,0.0,289
HWYp,528,0.0,289
HWYp,528,1.0,289
HWYp,528,0.0,289
0RYp,1160,1.0,663
0RYp,1160,0.0,663
0RYp,1160,0.0,663
0RYp,1160,0.0,663
0RYp,1160,0.0,663
TLYp,1450,1.0,832
TLYp,1450,1.0,832
TLYp,1450,1.0,832
TLYp,1450,0.0,832
TLYp,1450,1.0,832
saYp,1602,0.0,926
saYp,1602,0.0,926
saYp,1602,0.0,926
saYp,1602,0.0,926
VTYp,1052,1.0,586
VTYp,1052,1.0,586
VTYp,1052,1.0,586
VTYp,1052,0.0,586
VTYp,1052,1.0,586
TvYp,28,1.0,11
TvYp,28,0.0,11
TvYp,28,1.0,11
TvYp,28,1.0,11
TvYp,28,1.0,11
xHYp,1625,0.0,909
xHYp,1625,0.0,909
xHYp,1625,0.0,909
xHYp,1625,1.0,909
xHYp,1625,1.0,909
PAYp,43,0.0,18
PAYp,43,0.0,18
PAYp,43,0.0,18
PAYp,43,0.0,18
PAYp,43,0.0,18
J5Yp,171,1.0,81
J5Yp,171,1.0,81
J5Yp,171,1.0,81
J5Yp,171,1.0,81
SzYp,125,0.0,59
SzYp,125,1.0,59
SzYp,125,0.0,59
SzYp,125,1.0,59
OfYp,1639,0.0,923
OfYp,1639,0.0,923
OfYp,1639,0.0,923
OfYp,1639,0.0,923
OfYp,1639,0.0,923
69Yp,1723,0.0,954
69Yp,1723,0.0,954
69Yp,1723,1.0,954
69Yp,1723,1.0,954
SEYp,599,1.0,330
SEYp,599,1.0,330
SEYp,599,1.0,330
SEYp,599,1.0,330
SEYp,599,1.0,330
ScYp,76,0.0,36
ScYp,76,1.0,36
ScYp,76,1.0,36
ScYp,76,0.0,36
ScYp,76,1.0,36
AuZu,1550,0.0,889
AuZu,1550,0.0,889
AuZu,1550,0.0,889
AuZu,1550,0.0,889
AuZu,1550,0.0,889
hiZu,1457,0.0,830
hiZu,1457,0.0,830
hiZu,1457,0.0,830
hiZu,1457,1.0,830
hiZu,1457,0.0,830
q9Zu,458,1.0,245
q9Zu,458,0.0,245
q9Zu,458,1.0,245
q9Zu,458,0.0,245
IhZu,1424,0.0,794
IhZu,1424,0.0,794
IhZu,1424,0.0,794
IhZu,1424,0.0,794
IhZu,1424,0.0,794
wBZu,948,1.0,534
wBZu,948,1.0,534
wBZu,948,1.0,534
wBZu,948,0.0,534
wBZu,948,1.0,534
02Zu,250,0.0,128
02Zu,250,1.0,128
02Zu,250,1.0,128
02Zu,250,0.0,128
02Zu,250,1.0,128
KFZu,175,0.0,84
KFZu,175,1.0,84
KFZu,175,0.0,84
KFZu,175,0.0,84
KFZu,175,1.0,84
zK15,1756,0.0,955
zK15,1756,0.0,955
zK15,1756,1.0,955
zK15,1756,1.0,955
zK15,1756,0.0,955
8E15,1520,1.0,867
8E15,1520,0.0,867
8E15,1520,0.0,867
8E15,1520,0.0,867
qq15,406,1.0,213
qq15,406,0.0,213
qq15,406,0.0,213
qq15,406,0.0,213
YY15,721,1.0,399
YY15,721,1.0,399
YY15,721,1.0,399
YY15,721,1.0,399
YY15,721,1.0,399
Cr15,454,0.0,239
Cr15,454,1.0,239
Cr15,454,1.0,239
Cr15,454,1.0,239
Cr15,454,1.0,239
F815,1501,1.0,857
F815,1501,0.0,857
F815,1501,0.0,857
F815,1501,0.0,857
F815,1501,1.0,857
R715,90,0.0,40
R715,90,1.0,40
R715,90,1.0,40
R715,90,1.0,40
R715,90,1.0,40
SM15,711,0.0,394
SM15,711,0.0,394
SM15,711,0.0,394
SM15,711,0.0,394
SM15,711,0.0,394
b615,291,0.0,150
b615,291,0.0,150
b615,291,0.0,150
b615,291,0.0,150
b615,291,0.0,150
zu15,563,1.0,310
zu15,563,1.0,310
zu15,563,1.0,310
zu15,563,1.0,310
zu15,563,1.0,310
eJ15,344,1.0,179
eJ15,344,0.0,179
eJ15,344,0.0,179
eJ15,344,1.0,179
l715,1615,0.0,910
l715,1615,0.0,910
l715,1615,0.0,910
l715,1615,1.0,910
l715,1615,1.0,910
4g15,913,1.0,523
4g15,913,1.0,523
4g15,913,0.0,523
4g15,913,0.0,523
4g15,913,1.0,523
Ks15,389,0.0,199
Ks15,389,1.0,199
Ks15,389,1.0,199
Ks15,389,0.0,199
Ks15,389,0.0,199
pK15,333,0.0,172
pK15,333,1.0,172
pK15,333,1.0,172
pK15,333,0.0,172
pK15,333,0.0,172
wb15,1015,1.0,562
wb15,1015,1.0,562
wb15,1015,1.0,562
wb15,1015,0.0,562
wb15,1015,0.0,562
VQ15,1257,0.0,706
VQ15,576,0.0,314
VQ15,576,0.0,314
VQ15,1257,1.0,706
VQ15,576,0.0,314
VQ15,576,0.0,314
VQ15,576,1.0,314
VQ15,1257,1.0,706
VQ15,1257,0.0,706
VQ15,1257,1.0,706
XH15,1459,0.0,834
XH15,1459,1.0,834
XH15,1459,0.0,834
XH15,1459,1.0,834
XH15,1459,0.0,834
7m15,422,1.0,219
7m15,422,1.0,219
7m15,422,1.0,219
7m15,422,1.0,219
7m15,422,1.0,219
ad3w,1136,0.0,642
ad3w,1136,0.0,642
ad3w,1136,0.0,642
ad3w,1136,0.0,642
E73w,1036,1.0,578
E73w,1036,1.0,578
E73w,1036,1.0,578
E73w,1036,1.0,578
E73w,1036,1.0,578
S13w,422,1.0,219
S13w,422,1.0,219
S13w,422,1.0,219
S13w,422,1.0,219
S13w,422,1.0,219
GO3w,1488,1.0,841
GO3w,1488,0.0,841
GO3w,1488,1.0,841
GO3w,1488,0.0,841
GO3w,1488,0.0,841
2n3w,527,1.0,282
2n3w,847,1.0,480
2n3w,847,1.0,480
2n3w,527,0.0,282
2n3w,847,1.0,480
2n3w,847,1.0,480
2n3w,527,1.0,282
2n3w,527,1.0,282
2n3w,527,0.0,282
2n3w,847,1.0,480
w03w,155,0.0,73
w03w,155,0.0,73
w03w,155,0.0,73
w03w,155,0.0,73
w03w,155,0.0,73
6v3w,1515,0.0,870
6v3w,1515,0.0,870
6v3w,1515,1.0,870
6v3w,1515,1.0,870
6v3w,1515,0.0,870
2f3w,112,1.0,52
2f3w,112,1.0,52
2f3w,112,0.0,52
2f3w,112,1.0,52
tc3w,1330,1.0,749
tc3w,1330,1.0,749
tc3w,1330,0.0,749
UI3w,1061,0.0,595
UI3w,1061,1.0,595
UI3w,1061,0.0,595
UI3w,1061,1.0,595
UI3w,1061,0.0,595
VK3w,821,1.0,465
VK3w,821,1.0,465
VK3w,821,0.0,465
VK3w,821,1.0,465
VK3w,821,1.0,465
fl3w,1696,1.0,931
fl3w,1696,1.0,931
fl3w,1696,1.0,931
fl3w,1696,1.0,931
fl3w,1696,1.0,931
qJ3w,53,0.0,22
qJ3w,53,0.0,22
qJ3w,53,1.0,22
qJ3w,53,0.0,22
qJ3w,53,0.0,22
Nu3w,857,0.0,491
Nu3w,857,1.0,491
Nu3w,857,0.0,491
Nu3w,857,0.0,491
Nu3w,857,0.0,491
3N3w,726,1.0,397
3N3w,726,1.0,397
3N3w,726,1.0,397
3N3w,726,1.0,397
3N3w,726,0.0,397
6W3w,410,1.0,214
6W3w,410,1.0,214
6W3w,410,1.0,214
6W3w,410,1.0,214
6W3w,410,1.0,214
mT3w,430,0.0,229
mT3w,430,0.0,229
mT3w,430,0.0,229
mT3w,430,0.0,229
mT3w,430,0.0,229
W64r,1314,0.0,757
W64r,1314,0.0,757
W64r,1314,1.0,757
W64r,1314,1.0,757
W64r,1314,0.0,757
Xd4r,191,1.0,93
Xd4r,191,0.0,93
Xd4r,191,0.0,93
PE4r,1366,1.0,768
PE4r,1366,1.0,768
PE4r,1366,1.0,768
PE4r,1366,1.0,768
PE4r,1366,1.0,768
vC4r,116,0.0,54
vC4r,116,0.0,54
vC4r,116,1.0,54
vC4r,235,1.0,120
vC4r,116,1.0,54
vC4r,235,0.0,120
vC4r,235,1.0,120
vC4r,116,1.0,54
vC4r,235,0.0,120
vC4r,235,1.0,120
Xw4r,1325,1.0,754
Xw4r,1325,1.0,754
Xw4r,1325,1.0,754
Xw4r,1325,0.0,754
Xw4r,1325,1.0,754
En4r,607,0.0,344
En4r,607,0.0,344
En4r,607,0.0,344
En4r,607,0.0,344
En4r,607,0.0,344
px4r,1303,1.0,748
px4r,1303,0.0,748
px4r,1303,1.0,748
px4r,1303,0.0,748
px4r,1303,1.0,748
or4r,210,0.0,108
or4r,210,0.0,108
or4r,210,0.0,108
or4r,210,0.0,108
or4r,210,0.0,108
L68l,535,0.0,292
L68l,535,0.0,292
L68l,535,0.0,292
L68l,535,0.0,292
L68l,535,0.0,292
mq8l,749,0.0,421
mq8l,749,0.0,421
mq8l,749,0.0,421
mq8l,749,0.0,421
mq8l,749,0.0,421
NY8l,1180,0.0,669
NY8l,1180,0.0,669
NY8l,1180,1.0,669
NY8l,1180,0.0,669
NY8l,1180,0.0,669
4c8l,1314,1.0,757
4c8l,1314,1.0,757
4c8l,1314,1.0,757
4c8l,1314,1.0,757
4c8l,1314,1.0,757
iQ8l,905,0.0,518
iQ8l,905,0.0,518
iQ8l,905,0.0,518
iQ8l,905,0.0,518
8b8l,1393,1.0,782
8b8l,1393,1.0,782
8b8l,1393,1.0,782
8b8l,1393,1.0,782
8b8l,1393,1.0,782
8B8l,73,0.0,32
8B8l,73,0.0,32
8B8l,73,0.0,32
8B8l,73,0.0,32
8B8l,73,0.0,32
0z8l,1106,0.0,630
0z8l,1106,1.0,630
0z8l,1106,1.0,630
rg8l,382,0.0,200
rg8l,382,1.0,200
rg8l,382,0.0,200
rg8l,382,0.0,200
rg8l,382,0.0,200
Rg8l,1502,0.0,866
Rg8l,1502,0.0,866
Rg8l,1502,0.0,866
Rg8l,1502,0.0,866
Rg8l,1502,0.0,866
f28l,764,0.0,429
f28l,764,0.0,429
f28l,764,0.0,429
f28l,764,0.0,429
f28l,764,0.0,429
v88l,735,0.0,415
v88l,735,1.0,415
v88l,735,0.0,415
v88l,735,0.0,415
v88l,735,0.0,415
Nj8l,751,0.0,420
Nj8l,751,0.0,420
Nj8l,751,1.0,420
Nj8l,751,1.0,420
uX8l,573,1.0,317
uX8l,573,1.0,317
uX8l,573,1.0,317
uX8l,573,0.0,317
uX8l,116,1.0,54
uX8l,573,1.0,317
uX8l,116,0.0,54
uX8l,116,0.0,54
uX8l,116,1.0,54
IG8l,608,0.0,338
IG8l,608,1.0,338
IG8l,608,1.0,338
Q88l,1023,0.0,593
Q88l,1023,0.0,593
Q88l,1023,0.0,593
